canonical_name,organization_type,industry,union_affiliation,local_number,official_identifier,website,public_phone,public_email,street,city,state,zip,latitude,longitude,estimated_reach,active_status,public_accessibility,active_program,asserted_fields,source_url,publisher,source_title,retrieval_date,publication_date,source_strength,source_type,raw_source_identifier,extraction_method,validation_status
"Greater Southeastern Massachusetts Labor Council","labor_organization","Regional labor federation","Massachusetts AFL-CIO","","","","508-992-5475","clcpresident@verizon.net","560 Pleasant Street","New Bedford","MA","02740","","","","active","1","1","canonical_name;organization_type;industry;union_affiliation;public_phone;public_email;street;city;state;zip;active_status;public_accessibility;active_program","https://massaflcio.org/central-labor-councils","Massachusetts AFL-CIO","Central Labor Councils","2026-08-17","","4","official_organization_page","manual:round9:greater-southeastern-ma-labor-council:001:2026-08-17","manual","verified"
"Plymouth-Bristol Central Labor Council","labor_organization","Regional labor federation","Massachusetts AFL-CIO","","","","508-930-2785","brockton144hill@aol.com","50 School Street","Brockton","MA","02301","","","","active","1","1","canonical_name;organization_type;industry;union_affiliation;public_phone;public_email;street;city;state;zip;active_status;public_accessibility;active_program","https://massaflcio.org/central-labor-councils","Massachusetts AFL-CIO","Central Labor Councils","2026-08-17","","4","official_organization_page","manual:round9:plymouth-bristol-labor-council:002:2026-08-17","manual","verified"
"Massachusetts Nurses Association","labor_organization","Nursing labor organization","","","","https://www.massnurses.org/","781-821-4625","MNAinfo@mnarn.org","340 Turnpike Street","Canton","MA","02021","","","","active","1","1","canonical_name;organization_type;industry;website;public_phone;public_email;street;city;state;zip;active_status;public_accessibility;active_program","https://www.massnurses.org/about-mna/contact-us/","Massachusetts Nurses Association","Contact Us","2026-08-17","","4","official_organization_page","manual:round9:massachusetts-nurses-association:003:2026-08-17","manual","verified"
"Massachusetts Teachers Association","labor_organization","Education labor organization","","","","https://www.massteacher.org/","617-878-8000","","2 Heritage Drive, 8th Floor","Quincy","MA","02171","","","117000","active","1","1","canonical_name;organization_type;industry;website;public_phone;street;city;state;zip;estimated_reach;active_status;public_accessibility;active_program","https://www.massteacher.org/our-offices","Massachusetts Teachers Association","Our Offices","2026-08-17","","4","official_organization_page","manual:round9:massachusetts-teachers-association:004:2026-08-17","manual","verified"
"SEIU Local 888","union_local","Public and community service labor organization","Service Employees International Union","888","","https://www.seiu888.org/","617-241-3300","myunion@seiu888.org","25 Braintree Hill Park, Suite 306","Braintree","MA","02184","","","8000","active","1","1","canonical_name;organization_type;industry;union_affiliation;local_number;website;public_phone;public_email;street;city;state;zip;estimated_reach;active_status;public_accessibility;active_program","https://www.seiu888.org/about/","SEIU Local 888","About Local 888","2026-08-17","","4","official_organization_page","manual:round9:seiu-local-888:005:2026-08-17","manual","verified"
"National Association of Government Employees (NAGE/SEIU)","labor_organization","Government employee labor organization","Service Employees International Union","","","https://www.nage.org/","617-376-0220","","159 Burgin Parkway","Quincy","MA","02169","","","","active","1","1","canonical_name;organization_type;industry;union_affiliation;website;public_phone;street;city;state;zip;active_status;public_accessibility;active_program","https://members.nage.org/","National Association of Government Employees","NAGE Member Home and Headquarters Contact","2026-08-17","","4","official_organization_page","manual:round9:nage-seiu:006:2026-08-17","manual","verified"
"AFT Massachusetts","labor_organization","Education labor organization","American Federation of Teachers","","","https://ma.aft.org/","617-423-3342","","33 Harrison Avenue, 6th Floor","Boston","MA","02111","","","","active","1","1","canonical_name;organization_type;industry;union_affiliation;website;public_phone;street;city;state;zip;active_status;public_accessibility;active_program","https://ma.aft.org/contact-us","AFT Massachusetts","Contact Us","2026-08-17","","4","official_organization_page","manual:round9:aft-massachusetts:007:2026-08-17","manual","verified"
"UFCW Local 328","union_local","Food and commercial workers labor organization","United Food and Commercial Workers","328","","https://ufcw328.org/","401-861-0300","","278 Silver Spring Street","Providence","RI","02904","","","","active","1","1","canonical_name;organization_type;industry;union_affiliation;local_number;website;public_phone;street;city;state;zip;active_status;public_accessibility;active_program","https://ufcw328.org/contact/","UFCW Local 328","Contact","2026-08-17","","4","official_organization_page","manual:round9:ufcw-local-328:008:2026-08-17","manual","verified"
"UWUA Local 369","union_local","Utility workers labor organization","Utility Workers Union of America","369","","https://uwua369.org/","781-848-3740","","68 Sagamore Street","Quincy","MA","02171","","","","active","1","1","canonical_name;organization_type;industry;union_affiliation;local_number;website;public_phone;street;city;state;zip;active_status;public_accessibility;active_program","https://uwua369.org/contact-us/","UWUA Local 369","Contact Us","2026-08-17","","4","official_organization_page","manual:round9:uwua-local-369:009:2026-08-17","manual","verified"
"IUOE Local 4","union_local","Operating engineers labor organization","International Union of Operating Engineers","4","","https://www.iuoelocal4.org/","508-533-1433","office@iuoelocal4.org","16 Trotter Drive","Medway","MA","02053","","","5000","active","1","1","canonical_name;organization_type;industry;union_affiliation;local_number;website;public_phone;public_email;street;city;state;zip;estimated_reach;active_status;public_accessibility;active_program","https://www.iuoelocal4.org/contact-us/our-offices/","IUOE Local 4","Our Offices","2026-08-17","","4","official_organization_page","manual:round9:iuoe-local-4:010:2026-08-17","manual","verified"
"Teamsters Local 25","union_local","Transportation and warehouse labor organization","International Brotherhood of Teamsters","25","","https://teamsterslocal25.com/","617-241-8825","","544 Main Street","Charlestown","MA","02129","","","","active","1","1","canonical_name;organization_type;industry;union_affiliation;local_number;website;public_phone;street;city;state;zip;active_status;public_accessibility;active_program","https://teamsterslocal25.com/contact-organizing/","Teamsters Local 25","Contact Organizing","2026-08-17","","4","official_organization_page","manual:round9:teamsters-local-25:011:2026-08-17","manual","verified"
"Bricklayers and Allied Craftworkers Local 3","union_local","Construction trades labor organization","International Union of Bricklayers and Allied Craftworkers","3","","","617-242-5500","","550 Medford Street","Charlestown","MA","02129","","","","active","1","1","canonical_name;organization_type;industry;union_affiliation;local_number;public_phone;street;city;state;zip;active_status;public_accessibility;active_program","https://bacweb.org/locals","International Union of Bricklayers and Allied Craftworkers","Locals","2026-08-17","","4","official_organization_page","manual:round9:bac-local-3:012:2026-08-17","manual","verified"
"Boilermakers Local 29","union_local","Construction trades labor organization","International Brotherhood of Boilermakers","29","","","617-328-8400","","210 Bodwell Street","Avon","MA","02322","","","","active","1","1","canonical_name;organization_type;industry;union_affiliation;local_number;public_phone;street;city;state;zip;active_status;public_accessibility;active_program","https://massbuildingtrades.org/local-union-directory/","Massachusetts Building Trades Unions","Local Union Directory","2026-08-17","","4","official_organization_page","manual:round9:boilermakers-local-29:013:2026-08-17","manual","verified"
"Roofers Local 33","union_local","Construction trades labor organization","United Union of Roofers, Waterproofers and Allied Workers","33","","https://www.rul33.com/","781-341-9192","","53 Evans Drive","Stoughton","MA","02072","","","","active","1","1","canonical_name;organization_type;industry;union_affiliation;local_number;website;public_phone;street;city;state;zip;active_status;public_accessibility;active_program","https://massbuildingtrades.org/local-union-directory/","Massachusetts Building Trades Unions","Local Union Directory","2026-08-17","","4","official_organization_page","manual:round9:roofers-local-33:014:2026-08-17","manual","verified"
"IBEW Local 99","union_local","Electrical trades labor organization","International Brotherhood of Electrical Workers","99","","https://ibew99.org/","401-946-9900","","22 Amflex Drive","Cranston","RI","02921","","","","active","1","1","canonical_name;organization_type;industry;union_affiliation;local_number;website;public_phone;street;city;state;zip;active_status;public_accessibility;active_program","https://massbuildingtrades.org/local-union-directory/","Massachusetts Building Trades Unions","Local Union Directory","2026-08-17","","4","official_organization_page","manual:round9:ibew-local-99:015:2026-08-17","manual","verified"
"IBEW Local 103","union_local","Electrical trades labor organization","International Brotherhood of Electrical Workers","103","","https://the103advantage.com/","617-436-3710","","256 Freeport Street","Dorchester","MA","02122","","","","active","1","1","canonical_name;organization_type;industry;union_affiliation;local_number;website;public_phone;street;city;state;zip;active_status;public_accessibility;active_program","https://massbuildingtrades.org/local-union-directory/","Massachusetts Building Trades Unions","Local Union Directory","2026-08-17","","4","official_organization_page","manual:round9:ibew-local-103:016:2026-08-17","manual","verified"
"Heat and Frost Insulators Local 6","union_local","Construction trades labor organization","International Association of Heat and Frost Insulators and Allied Workers","6","","https://www.insulators6.org/","617-436-4666","awl6@insulators.org","303 Freeport Street","Dorchester","MA","02122","","","","active","1","1","canonical_name;organization_type;industry;union_affiliation;local_number;website;public_phone;public_email;street;city;state;zip;active_status;public_accessibility;active_program","https://www.insulators.org/local-union-directory/","International Association of Heat and Frost Insulators and Allied Workers","Local Union Directory","2026-08-17","","4","official_organization_page","manual:round9:insulators-local-6:017:2026-08-17","manual","verified"
"Iron Workers District Council of New England","labor_organization","Construction trades labor organization","International Association of Bridge, Structural, Ornamental and Reinforcing Iron Workers","","","","617-268-2382","","195 Old Colony Avenue","South Boston","MA","02127","","","","active","1","1","canonical_name;organization_type;industry;union_affiliation;public_phone;street;city;state;zip;active_status;public_accessibility;active_program","https://massbuildingtrades.org/local-union-directory/","Massachusetts Building Trades Unions","Local Union Directory","2026-08-17","","4","official_organization_page","manual:round9:iron-workers-dcne:018:2026-08-17","manual","verified"
"Iron Workers Local 7","union_local","Construction trades labor organization","International Association of Bridge, Structural, Ornamental and Reinforcing Iron Workers","7","","https://iwlocal7.org/","617-268-4777","","195 Old Colony Avenue","South Boston","MA","02127","","","","active","1","1","canonical_name;organization_type;industry;union_affiliation;local_number;website;public_phone;street;city;state;zip;active_status;public_accessibility;active_program","https://iwlocal7.org/contact/","Iron Workers Local 7","Contact","2026-08-17","","4","official_organization_page","manual:round9:iron-workers-local-7:019:2026-08-17","manual","verified"
"Iron Workers Local 37","union_local","Construction trades labor organization","International Association of Bridge, Structural, Ornamental and Reinforcing Iron Workers","37","","","401-438-1111","","845 Waterman Avenue","East Providence","RI","02914","","","","active","1","1","canonical_name;organization_type;industry;union_affiliation;local_number;public_phone;street;city;state;zip;active_status;public_accessibility;active_program","https://massbuildingtrades.org/local-union-directory/","Massachusetts Building Trades Unions","Local Union Directory","2026-08-17","","4","official_organization_page","manual:round9:iron-workers-local-37:020:2026-08-17","manual","verified"
"Sheet Metal Workers Local 17","union_local","Construction trades labor organization","International Association of Sheet Metal, Air, Rail and Transportation Workers","17","","https://smw17boston.org/","617-296-1680","","1157 Adams Street","Dorchester","MA","02124","","","","active","1","1","canonical_name;organization_type;industry;union_affiliation;local_number;website;public_phone;street;city;state;zip;active_status;public_accessibility;active_program","https://smw17boston.org/contact-us/","Sheet Metal Workers Local 17","Contact Us","2026-08-17","","4","official_organization_page","manual:round9:sheet-metal-local-17:021:2026-08-17","manual","verified"
"Plasterers and Cement Masons Local 534","union_local","Construction trades labor organization","Operative Plasterers and Cement Masons International Association","534","","","617-750-3353","","7 Frederika Street","Dorchester","MA","02124","","","","active","1","1","canonical_name;organization_type;industry;union_affiliation;local_number;public_phone;street;city;state;zip;active_status;public_accessibility;active_program","https://massbuildingtrades.org/local-union-directory/","Massachusetts Building Trades Unions","Local Union Directory","2026-08-17","","4","official_organization_page","manual:round9:plasterers-local-534:022:2026-08-17","manual","verified"
"Plumbers and Gasfitters Local 12","union_local","Construction trades labor organization","United Association","12","","https://www.plumbersandgasfitterslocal12.org/","617-288-6200","","1240 Massachusetts Avenue","Dorchester","MA","02125","","","","active","1","1","canonical_name;organization_type;industry;union_affiliation;local_number;website;public_phone;street;city;state;zip;active_status;public_accessibility;active_program","https://massbuildingtrades.org/local-union-directory/","Massachusetts Building Trades Unions","Local Union Directory","2026-08-17","","4","official_organization_page","manual:round9:plumbers-local-12:023:2026-08-17","manual","verified"
"Plumbers and Pipefitters Local 51","union_local","Construction trades labor organization","United Association","51","","https://ualocal51.com/","401-418-1027","","11 Hemingway Drive","East Providence","RI","02915","","","","active","1","1","canonical_name;organization_type;industry;union_affiliation;local_number;website;public_phone;street;city;state;zip;active_status;public_accessibility;active_program","https://massbuildingtrades.org/local-union-directory/","Massachusetts Building Trades Unions","Local Union Directory","2026-08-17","","4","official_organization_page","manual:round9:plumbers-pipefitters-local-51:024:2026-08-17","manual","verified"
"Pipefitters Local 537","union_local","Construction trades labor organization","United Association","537","","https://pipefitters537.org/","617-787-5370","LU537UnionHall@pipefitters537.com","40 Enterprise Street, Suite 420","Dorchester","MA","02125","","","","active","1","1","canonical_name;organization_type;industry;union_affiliation;local_number;website;public_phone;public_email;street;city;state;zip;active_status;public_accessibility;active_program","https://pipefitters537.org/contact/","Pipefitters Local 537","Contact","2026-08-17","","4","official_organization_page","manual:round9:pipefitters-local-537:025:2026-08-17","manual","verified"
"Sprinkler Fitters Local 550","union_local","Construction trades labor organization","United Association","550","","https://sprinklerfitters550.org/","617-323-0474","","46 Rockland Street","West Roxbury","MA","02132","","","","active","1","1","canonical_name;organization_type;industry;union_affiliation;local_number;website;public_phone;street;city;state;zip;active_status;public_accessibility;active_program","https://sprinklerfitters550.org/","Sprinkler Fitters Local 550","Official Website","2026-08-17","","4","official_organization_page","manual:round9:sprinkler-fitters-local-550:026:2026-08-17","manual","verified"
"Elevator Constructors Local 4","union_local","Construction trades labor organization","International Union of Elevator Constructors","4","","https://iueclocal4.com/","617-288-1547","","50 Park Street","Dorchester","MA","02122","","","","active","1","1","canonical_name;organization_type;industry;union_affiliation;local_number;website;public_phone;street;city;state;zip;active_status;public_accessibility;active_program","https://massbuildingtrades.org/local-union-directory/","Massachusetts Building Trades Unions","Local Union Directory","2026-08-17","","4","official_organization_page","manual:round9:elevator-constructors-local-4:027:2026-08-17","manual","verified"
"Painters and Allied Trades District Council 35","labor_organization","Construction trades labor organization","International Union of Painters and Allied Trades","","","https://iupatdc35.org/","617-522-0520","","25 Colgate Road, Suite 305","Roslindale","MA","02131","","","","active","1","1","canonical_name;organization_type;industry;union_affiliation;website;public_phone;street;city;state;zip;active_status;public_accessibility;active_program","https://massbuildingtrades.org/local-union-directory/","Massachusetts Building Trades Unions","Local Union Directory","2026-08-17","","4","official_organization_page","manual:round9:iupat-district-council-35:028:2026-08-17","manual","verified"
"Massachusetts Laborers District Council","labor_organization","Construction labor organization","Laborers International Union of North America","","","https://masslaborers.org/","508-435-4164","","7 Laborers Way","Hopkinton","MA","01748","","","","active","1","1","canonical_name;organization_type;industry;union_affiliation;website;public_phone;street;city;state;zip;active_status;public_accessibility;active_program","https://massbuildingtrades.org/local-union-directory/","Massachusetts Building Trades Unions","Local Union Directory","2026-08-17","","4","official_organization_page","manual:round9:mass-laborers-district-council:029:2026-08-17","manual","verified"
"Laborers Local 88","union_local","Construction labor organization","Laborers International Union of North America","88","","","617-479-1088","","170 Washington Street","Quincy","MA","02169","","","","active","1","1","canonical_name;organization_type;industry;union_affiliation;local_number;public_phone;street;city;state;zip;active_status;public_accessibility;active_program","https://massbuildingtrades.org/local-union-directory/","Massachusetts Building Trades Unions","Local Union Directory","2026-08-17","","4","official_organization_page","manual:round9:laborers-local-88:030:2026-08-17","manual","verified"
"Laborers Local 133","union_local","Construction labor organization","Laborers International Union of North America","133","","","617-479-4275","","265 Washington Street","Quincy","MA","02169","","","","active","1","1","canonical_name;organization_type;industry;union_affiliation;local_number;public_phone;street;city;state;zip;active_status;public_accessibility;active_program","https://massbuildingtrades.org/local-union-directory/","Massachusetts Building Trades Unions","Local Union Directory","2026-08-17","","4","official_organization_page","manual:round9:laborers-local-133:031:2026-08-17","manual","verified"
"Laborers Local 138","union_local","Construction labor organization","Laborers International Union of North America","138","","","781-762-4099","","11 Walpole Street","Norwood","MA","02062","","","","active","1","1","canonical_name;organization_type;industry;union_affiliation;local_number;public_phone;street;city;state;zip;active_status;public_accessibility;active_program","https://massbuildingtrades.org/local-union-directory/","Massachusetts Building Trades Unions","Local Union Directory","2026-08-17","","4","official_organization_page","manual:round9:laborers-local-138:032:2026-08-17","manual","verified"
"Laborers Local 223","union_local","Construction labor organization","Laborers International Union of North America","223","","","617-282-0180","","12A Everdean Street","Dorchester","MA","02122","","","","active","1","1","canonical_name;organization_type;industry;union_affiliation;local_number;public_phone;street;city;state;zip;active_status;public_accessibility;active_program","https://massbuildingtrades.org/local-union-directory/","Massachusetts Building Trades Unions","Local Union Directory","2026-08-17","","4","official_organization_page","manual:round9:laborers-local-223:033:2026-08-17","manual","verified"
"Laborers Local 385","union_local","Construction labor organization","Laborers International Union of North America","385","","","508-992-1089","","115 Alden Road","Fairhaven","MA","02719","","","","active","1","1","canonical_name;organization_type;industry;union_affiliation;local_number;public_phone;street;city;state;zip;active_status;public_accessibility;active_program","https://massbuildingtrades.org/local-union-directory/","Massachusetts Building Trades Unions","Local Union Directory","2026-08-17","","4","official_organization_page","manual:round9:laborers-local-385:034:2026-08-17","manual","verified"
"Laborers Local 610","union_local","Construction labor organization","Laborers International Union of North America","610","","","508-673-0080","","185 Pleasant Street","Fall River","MA","02721","","","","active","1","1","canonical_name;organization_type;industry;union_affiliation;local_number;public_phone;street;city;state;zip;active_status;public_accessibility;active_program","https://massbuildingtrades.org/local-union-directory/","Massachusetts Building Trades Unions","Local Union Directory","2026-08-17","","4","official_organization_page","manual:round9:laborers-local-610:035:2026-08-17","manual","verified"
"Laborers Local 721","union_local","Construction labor organization","Laborers International Union of North America","721","","","508-378-0122","","324 North Bedford Street","East Bridgewater","MA","02333","","","","active","1","1","canonical_name;organization_type;industry;union_affiliation;local_number;public_phone;street;city;state;zip;active_status;public_accessibility;active_program","https://massbuildingtrades.org/local-union-directory/","Massachusetts Building Trades Unions","Local Union Directory","2026-08-17","","4","official_organization_page","manual:round9:laborers-local-721:036:2026-08-17","manual","verified"
"MassHire Greater Brockton Career Center","community_organization","Workforce development","","","","https://masshiregbcc.org/","508-513-3400","info@masshiregbcc.org","34 School Street","Brockton","MA","02301","","","","active","1","1","canonical_name;organization_type;industry;website;public_phone;public_email;street;city;state;zip;active_status;public_accessibility;active_program","https://masshiregbcc.org/contact/","MassHire Greater Brockton Career Center","Contact","2026-08-17","","4","official_organization_page","manual:round9:masshire-greater-brockton-career-center:037:2026-08-17","manual","verified"
"MassHire Bristol Fall River Career Center","community_organization","Workforce development","","","","https://masshirebristol.org/","508-730-5000","","446 North Main Street","Fall River","MA","02720","","","","active","1","1","canonical_name;organization_type;industry;website;public_phone;street;city;state;zip;active_status;public_accessibility;active_program","https://masshirebristol.org/career-centers/","MassHire Bristol","Career Centers","2026-08-17","","4","official_organization_page","manual:round9:masshire-bristol-fall-river:038:2026-08-17","manual","verified"
"MassHire Bristol Taunton Career Center","community_organization","Workforce development","","","","https://masshirebristol.org/","508-730-5000","","72 School Street","Taunton","MA","02780","","","","active","1","1","canonical_name;organization_type;industry;website;public_phone;street;city;state;zip;active_status;public_accessibility;active_program","https://masshirebristol.org/career-centers/","MassHire Bristol","Career Centers","2026-08-17","","4","official_organization_page","manual:round9:masshire-bristol-taunton:039:2026-08-17","manual","verified"
"MassHire Greater New Bedford Career Center","community_organization","Workforce development","","","","https://masshiregreaternewbedford.com/","774-762-5081","","25 Elm Street","New Bedford","MA","02740","","","","active","1","1","canonical_name;organization_type;industry;website;public_phone;street;city;state;zip;active_status;public_accessibility;active_program","https://masshiregreaternewbedford.com/masshire-gnb-career-center-home/cc-contact/","MassHire Greater New Bedford Career Center","Career Center Contact","2026-08-17","","4","official_organization_page","manual:round9:masshire-greater-new-bedford-career-center:040:2026-08-17","manual","verified"
"MassHire South Shore Career Center","community_organization","Workforce development","","","","https://masshiress.com/","617-745-4000","","1515 Hancock Street, Suite 101","Quincy","MA","02169","","","","active","1","1","canonical_name;organization_type;industry;website;public_phone;street;city;state;zip;active_status;public_accessibility;active_program","https://www.mass.gov/locations/masshire-south-shore-career-center","Commonwealth of Massachusetts","MassHire South Shore Career Center","2026-08-17","","5","public_registry","manual:round9:masshire-south-shore-career-center:041:2026-08-17","manual","verified"
"MassHire Greater Brockton Workforce Board","community_organization","Workforce development","","","","https://masshiregbwb.org/","508-584-3234","admin@masshiregbwb.org","34 School Street","Brockton","MA","02301","","","","active","1","1","canonical_name;organization_type;industry;website;public_phone;public_email;street;city;state;zip;active_status;public_accessibility;active_program","https://masshiregbwb.org/","MassHire Greater Brockton Workforce Board","Official Website","2026-08-17","","4","official_organization_page","manual:round9:masshire-greater-brockton-workforce-board:042:2026-08-17","manual","verified"
"MassHire Bristol Workforce Board","community_organization","Workforce development","","","","https://masshirebristolwb.org/","508-675-1165","","One Government Center, 5th Floor","Fall River","MA","02722","","","","active","1","1","canonical_name;organization_type;industry;website;public_phone;street;city;state;zip;active_status;public_accessibility;active_program","https://masshirebristolwb.org/","MassHire Bristol Workforce Board","Official Website","2026-08-17","","4","official_organization_page","manual:round9:masshire-bristol-workforce-board:043:2026-08-17","manual","verified"
"MassHire Greater New Bedford Workforce Board","community_organization","Workforce development","","","","https://masshiregreaternewbedford.com/","774-263-7326","","25 Elm Street, Suite 203","New Bedford","MA","02740","","","","active","1","1","canonical_name;organization_type;industry;website;public_phone;street;city;state;zip;active_status;public_accessibility;active_program","https://www.mass.gov/info-details/masshire-workforce-board-locations-and-contact-information","Commonwealth of Massachusetts","MassHire Workforce Board Locations and Contact Information","2026-08-17","","5","public_registry","manual:round9:masshire-greater-new-bedford-workforce-board:044:2026-08-17","manual","verified"
"MassHire South Shore Workforce Board","community_organization","Workforce development","","","","https://masshiress.com/","617-934-4852","executivedirector@masshiress.com","15 Cottage Avenue, Suite 302","Quincy","MA","02169","","","","active","1","1","canonical_name;organization_type;industry;website;public_phone;public_email;street;city;state;zip;active_status;public_accessibility;active_program","https://www.mass.gov/info-details/masshire-workforce-board-locations-and-contact-information","Commonwealth of Massachusetts","MassHire Workforce Board Locations and Contact Information","2026-08-17","","5","public_registry","manual:round9:masshire-south-shore-workforce-board:045:2026-08-17","manual","verified"
"Bridgewater Public Library","community_organization","Public library","","","","https://bridgewaterpubliclibrary.org/","508-697-3331","bwpl@sailsinc.org","15 South Street","Bridgewater","MA","02324","","","","active","1","1","canonical_name;organization_type;industry;website;public_phone;public_email;street;city;state;zip;active_status;public_accessibility;active_program","https://bridgewaterpubliclibrary.org/hours-contact","Bridgewater Public Library","Hours and Contact","2026-08-17","","4","official_organization_page","manual:round9:bridgewater-public-library:046:2026-08-17","manual","verified"
"Pembroke Public Library","community_organization","Public library","","","","https://www.pembrokepubliclibrary.org/","781-293-6771","feedback@pembrokepubliclibrary.org","142 Center Street","Pembroke","MA","02359","","","","active","1","1","canonical_name;organization_type;industry;website;public_phone;public_email;street;city;state;zip;active_status;public_accessibility;active_program","https://mblc.state.ma.us/directories/libraries/library.php?record_id=1479","Massachusetts Board of Library Commissioners","Pembroke Public Library Directory Entry","2026-08-17","","5","public_registry","manual:round9:pembroke-public-library:047:2026-08-17","manual","verified"
"East Bridgewater Public Library","community_organization","Public library","","","","https://eastbridgewaterlibrary.org/","508-378-1616","ebplrequests@sailsinc.org","32 Union Street","East Bridgewater","MA","02333","","","","active","1","1","canonical_name;organization_type;industry;website;public_phone;public_email;street;city;state;zip;active_status;public_accessibility;active_program","https://eastbridgewaterlibrary.org/","East Bridgewater Public Library","Official Website","2026-08-17","","4","official_organization_page","manual:round9:east-bridgewater-public-library:048:2026-08-17","manual","verified"
"West Bridgewater Public Library","community_organization","Public library","","","","https://westbpl.org/","508-894-1255","westbpl80@gmail.com","80 Howard Street","West Bridgewater","MA","02379","","","","active","1","1","canonical_name;organization_type;industry;website;public_phone;public_email;street;city;state;zip;active_status;public_accessibility;active_program","https://libraries.state.ma.us/library/west-bridgewater-west-bridgewater-public-library","Massachusetts Board of Library Commissioners","West Bridgewater Public Library Directory Entry","2026-08-17","","5","public_registry","manual:round9:west-bridgewater-public-library:049:2026-08-17","manual","verified"
"Brockton Public Library","community_organization","Public library","","","","https://brocktonpubliclibrary.org/","508-894-1400","btlib@ocln.org","304 Main Street","Brockton","MA","02301","","","","active","1","1","canonical_name;organization_type;industry;website;public_phone;public_email;street;city;state;zip;active_status;public_accessibility;active_program","https://brocktonpubliclibrary.org/185/Hours-Visiting","Brockton Public Library","Hours and Visiting","2026-08-17","","4","official_organization_page","manual:round9:brockton-public-library:050:2026-08-17","manual","verified"
"Taunton Public Library","community_organization","Public library","","","","https://www.tauntonlibrary.org/","508-821-1410","tplreference@sailsinc.org","12 Pleasant Street","Taunton","MA","02780","","","","active","1","1","canonical_name;organization_type;industry;website;public_phone;public_email;street;city;state;zip;active_status;public_accessibility;active_program","https://www.tauntonlibrary.org/about/contact/","Taunton Public Library","Contact","2026-08-17","","4","official_organization_page","manual:round9:taunton-public-library:051:2026-08-17","manual","verified"
"Plymouth Public Library","community_organization","Public library","","","","https://www.plymouthpubliclibrary.org/","508-830-4250","library@plymouth.ocln.org","132 South Street","Plymouth","MA","02360","","","","active","1","1","canonical_name;organization_type;industry;website;public_phone;public_email;street;city;state;zip;active_status;public_accessibility;active_program","https://plymouthpubliclibrary.org/contact-us/","Plymouth Public Library","Contact Us","2026-08-17","","4","official_organization_page","manual:round9:plymouth-public-library:052:2026-08-17","manual","verified"
"New Bedford Free Public Library","community_organization","Public library","","","","https://www.newbedford-ma.gov/library/","508-991-6275","nbmref@sailsinc.org","613 Pleasant Street","New Bedford","MA","02740","","","","active","1","1","canonical_name;organization_type;industry;website;public_phone;public_email;street;city;state;zip;active_status;public_accessibility;active_program","https://libraries.state.ma.us/library/pu-newbedfo-free","Massachusetts Board of Library Commissioners","New Bedford Free Public Library Directory Entry","2026-08-17","","5","public_registry","manual:round9:new-bedford-free-public-library:053:2026-08-17","manual","verified"
"Fall River Public Library","community_organization","Public library","","","","https://fallriverlibrary.org/","508-324-2700","frweb@sailsinc.org","104 North Main Street","Fall River","MA","02720","","","","active","1","1","canonical_name;organization_type;industry;website;public_phone;public_email;street;city;state;zip;active_status;public_accessibility;active_program","https://fallriverlibrary.org/hours-and-contact/","Fall River Public Library","Hours and Contact","2026-08-17","","4","official_organization_page","manual:round9:fall-river-public-library:054:2026-08-17","manual","verified"
"Thomas Crane Public Library","community_organization","Public library","","","","https://tcplquincy.org/","617-376-1300","quref@ocln.org","40 Washington Street","Quincy","MA","02169","","","","active","1","1","canonical_name;organization_type;industry;website;public_phone;public_email;street;city;state;zip;active_status;public_accessibility;active_program","https://tcplquincy.org/visit/locations/","Thomas Crane Public Library","Locations","2026-08-17","","4","official_organization_page","manual:round9:thomas-crane-public-library:055:2026-08-17","manual","verified"
"Middleborough Public Library","community_organization","Public library","","","","https://midlib.org/","508-946-2470","midlib@sailsinc.org","102 North Main Street","Middleborough","MA","02346","","","","active","1","1","canonical_name;organization_type;industry;website;public_phone;public_email;street;city;state;zip;active_status;public_accessibility;active_program","https://midlib.org/hours-operation","Middleborough Public Library","Hours of Operation","2026-08-17","","4","official_organization_page","manual:round9:middleborough-public-library:056:2026-08-17","manual","verified"
"Abington Public Library","community_organization","Public library","","","","https://abingtonpl.org/","781-982-2139","ablib@ocln.org","600 Gliniewicz Way","Abington","MA","02351","","","","active","1","1","canonical_name;organization_type;industry;website;public_phone;public_email;street;city;state;zip;active_status;public_accessibility;active_program","https://abingtonpl.org/","Abington Public Library","Official Website","2026-08-17","","4","official_organization_page","manual:round9:abington-public-library:057:2026-08-17","manual","verified"
